ID;Title
19995;Avatar
299534;Avengers: Endgame
140607;Star Wars: The Force Awakens
299536;Avengers: Infinity War
135397;Jurassic World
420818;The Lion King
168259;Furious 7
24428;The Avengers
330457;Frozen II
99861;Avengers: Age of Ultron
284054;Black Panther
12445;Harry Potter and the Deathly Hallows: Part 2
181808;Star Wars: The Last Jedi
351286;Jurassic World: Fallen Kingdom
109445;Frozen
321612;Beauty and the Beast
260513;Incredibles 2
337339;The Fate of the Furious
68721;Iron Man 3
211672;Minions
271110;Captain America: Civil War
297802;Aquaman
429617;Spider-Man: Far From Home
299537;Captain Marvel
38356;Transformers: Dark of the Moon
122;The Lord of the Rings: The Return of the King
37724;Skyfall
597;Titanic
91314;Transformers: Age of Extinction
49026;The Dark Knight Rises
1865;Pirates of the Caribbean: On Stranger Tides
12155;Alice in Wonderland
49051;The Hobbit: An Unexpected Journey
155;The Dark Knight
93456;Despicable Me 2
285;Pirates of the Caribbean: At World's End
57158;The Hobbit: The Desolation of Smaug
122917;The Hobbit: The Battle of the Five Armies
675;Harry Potter and the Order of the Phoenix
767;Harry Potter and the Half-Blood Prince
809;Shrek 2
121;The Lord of the Rings: The Two Towers
674;Harry Potter and the Goblet of Fire
559;Spider-Man 3
57800;Ice Age: Continental Drift
672;Harry Potter and the Chamber of Secrets
120;The Lord of the Rings: The Fellowship of the Ring
101299;The Hunger Games: Catching Fire
50620;The Twilight Saga: Breaking Dawn - Part 2
27205;Inception
602;Independence Day
601;E.T. the Extra-Terrestrial
14161;2012
673;Harry Potter and the Prisoner of Azkaban
558;Spider-Man 2
118340;Guardians of the Galaxy
102651;Maleficent
1930;The Amazing Spider-Man
131631;The Hunger Games: Mockingjay - Part 1
127585;X-Men: Days of Future Past
80321;Madagascar 3: Europe's Most Wanted
411;The Chronicles of Narnia: The Lion, the Witch and the Wardrobe
604;The Matrix Reloaded
14160;Up
49047;Gravity
100402;Captain America: The Winter Soldier
119450;Dawn of the Planet of the Apes
18239;The Twilight Saga: New Moon
1858;Transformers
102382;The Amazing Spider-Man 2
24021;The Twilight Saga: Eclipse
56292;Mission: Impossible - Ghost Protocol
70160;The Hunger Games
745;The Sixth Sense
49521;Man of Steel
950;Ice Age: The Meltdown
131634;The Hunger Games: Mockingjay - Part 2
76338;Thor: The Dark World
51497;Fast Five
41154;Men in Black 3
2062;Ratatouille
82702;How to Train Your Dragon 2
330;The Lost World: Jurassic Park
87827;Life of Pi
10527;Madagascar: Escape 2 Africa
36557;Casino Royale
10764;Quantum of Solace
607;Men in Black
49519;The Croods
6479;I Am Legend
1726;Iron Man
585;Monsters, Inc.
1593;Night at the Museum
41513;The Smurfs
254;King Kong
49013;Cars 2
95;Armageddon
435;The Day After Tomorrow
955;Mission: Impossible II
953;Madagascar
62177;Brave
20352;Despicable Me
72190;World War Z
10528;Sherlock Holmes
10681;WALL·E
280;Terminator 2: Judgment Day
102899;Ant-Man
251;Ghost
812;Aladdin
652;Troy
863;Toy Story 2
664;Twister
18823;Clash of the Titans
68728;Oz the Great and Powerful
808;Shrek
787;Mr. & Mrs. Smith
98566;Teenage Mutant Ninja Turtles
46195;Rio
61791;Rise of the Planet of the Apes
857;Saving Private Ryan
118;Charlie and the Chocolate Factory
82690;Wreck-It Ralph
578;Jaws
137106;The Lego Movie
54138;Star Trek Into Darkness
98;Gladiator
920;Cars
36668;X-Men: The Last Stand
954;Mission: Impossible
616;The Last Samurai
676;Pearl Harbor
608;Men in Black II
1734;The Mummy Returns
23398;Alvin and the Chipmunks: The Squeakquel
2503;The Bourne Ultimatum
82695;Les Misérables
788;Mrs. Doubtfire
296;Terminator 3: Rise of the Machines
68735;Warcraft
36669;Die Another Day
605;The Matrix Revolutions
581;Dances with Wolves
2454;The Chronicles of Narnia: Prince Caspian
76170;The Wolverine
18360;Night at the Museum: Battle of the Smithsonian
268;Batman
619;The Bodyguard
68726;Pacific Rim
2675;Signs
36658;X2
1735;The Mummy: Tomb of the Dragon Emperor
70981;Prometheus
770;Gone with the Wind
20526;TRON: Legacy
956;Mission: Impossible III
58595;Snow White and the Huntsman
862;Toy Story
106646;The Wolf of Wall Street
1452;Superman Returns
47933;Independence Day: Resurgence
13475;Star Trek
425;Ice Age
105;Back to the Future
76341;Mad Max: Fury Road
82675;Taken 2
272;Batman Begins
2080;X-Men Origins: Wolverine
534;Terminator Salvation
1771;Captain America: The First Avenger
5503;The Fugitive
331;Jurassic Park III
10555;Shark Tale
509;Notting Hill
869;Planet of the Apes
36643;The World Is Not Enough
6477;Alvin and the Chipmunks
772;Home Alone 2: Lost in New York
76492;Hotel Transylvania
180;Minority Report
744;Top Gun
72545;Journey 2: The Mysterious Island
10567;Dinosaur
49538;X-Men: First Class
710;GoldenEye
854;The Mask
1637;Speed
2059;National Treasure
77931;The Smurfs 2
5175;Rush Hour 2
10530;Pocahontas
55301;Alvin and the Chipmunks: Chipwrecked
888;The Flintstones
4523;Enchanted
53182;300: Rise of an Empire
4922;The Curious Case of Benjamin Button
58574;Sherlock Holmes: A Game of Shadows
714;Tomorrow Never Dies
105864;The Good Dinosaur
165;Back to the Future Part II
44214;Black Swan
807;Se7en
350;The Devil Wears Prada
2133;The Perfect Storm
17979;A Christmas Carol
10545;The Hunchback of Notre Dame
38055;Megamind
943;Lethal Weapon 3
16869;Inglourious Basterds
424;Schindler's List
10998;Fatal Attraction
10196;The Last Airbender
18240;The Proposal
90;Beverly Hills Cop
76163;The Expendables 2
2898;As Good as It Gets
817;Austin Powers: The Spy Who Shagged Me
5255;The Polar Express
13053;Bolt
81188;Rise of the Guardians
1574;Chicago
10674;Mulan
44833;Battleship
14869;G.I. Joe: The Rise of Cobra
1979;Fantastic Four: Rise of the Silver Surfer
879;Hook
1369;Rambo: First Blood Part II
1924;Superman
35791;Resident Evil: Afterlife
96;Beverly Hills Cop II
39254;Real Steel
818;Austin Powers in Goldmember
36657;X-Men
11324;Shutter Island
3050;Doctor Dolittle
27576;Salt
19585;G-Force
1422;The Departed
2655;What Lies Beneath
37786;Sex and the City 2
1934;Shakespeare in Love
2502;The Bourne Supremacy
5559;Bee Movie
497;The Green Mile
15121;The Sound of Music
75612;Oblivion
68724;Elysium
944;Lethal Weapon 4
49529;John Carter
634;Bridget Jones's Diary
37710;The Tourist
129;Spirited Away
1995;Lara Croft: Tomb Raider
27578;The Expendables
8961;Bad Boys II
82703;Mr. Peabody & Sherman
274;The Silence of the Lambs
37233;The Firm
116711;Epic
3170;Bambi
4327;Charlie's Angels
861;Total Recall
57201;The Lone Ranger
37686;Super 8
116149;Paddington
5174;Rush Hour 3
11199;Wild Hogs
11887;High School Musical 3: Senior Year
44264;True Grit
2300;Space Jam
12289;Red Cliff
508;Love Actually
2486;Eragon
109451;Cloudy with a Chance of Meatballs 2
712;Four Weddings and a Funeral
44896;Rango
754;Face/Off
1927;Hulk
196;Back to the Future Part III
82700;After Earth
22794;Cloudy with a Chance of Meatballs
97020;RoboCop
415;Batman & Robin
38745;Gulliver's Travels
82693;Silver Linings Playbook
584;2 Fast 2 Furious
4935;Howl's Moving Castle
644;A.I. Artificial Intelligence
65754;The Girl with the Dragon Tattoo
409;The English Patient
11665;Get Smart
43074;Ghostbusters
1250;Ghost Rider
10719;Elf
40805;The Green Hornet
606;Out of Africa
37958;Immortals
32657;Percy Jackson & the Olympians: The Lightning Thief
60304;Hansel & Gretel: Witch Hunters
1701;Con Air
628;Interview with the Vampire
1538;Collateral
4964;Knocked Up
44912;Green Lantern
109424;Captain Phillips
75780;Jack Reacher
1495;Kingdom of Heaven
49017;Dracula Untold
11678;Vertical Limit
27022;The Sorcerer's Apprentice
2024;The Patriot
138103;The Expendables 3
11322;Public Enemies
2501;The Bourne Identity
146;Crouching Tiger, Hidden Dragon
197;Braveheart
1844;Entrapment
1493;Miss Congeniality
698;Moonraker
1933;The Others
1900;Traffic
820;JFK
117251;White House Down
41515;Yogi Bear
1903;Vanilla Sky
136797;Need for Speed
12429;Ponyo
64688;21 Jump Street
535;Flashdance
1669;The Hunt for Red October
2253;Valkyrie
76285;Percy Jackson: Sea of Monsters
39514;RED
80278;The Impossible
81005;Jack the Giant Slayer
4547;Panic Room
2310;Beowulf
4614;The Sum of All Fears
3131;Gangs of New York
533;Wallace & Gromit: The Curse of the Were-Rabbit
2907;The Addams Family
708;The Living Daylights
11395;The Santa Clause
846;The X Files
1370;Rambo III
116745;The Secret Life of Walter Mitty
700;Octopussy
699;For Your Eyes Only
547;The Horse Whisperer
10865;Atlantis: The Lost Empire
388;Inside Man
44826;Hugo
691;The Spy Who Loved Me
13183;Watchmen
408;Snow White and the Seven Dwarfs
76757;Jupiter Ascending
50359;Hop
1970;The Grudge
679;Aliens
14560;Paul Blart: Mall Cop
62764;Mirror Mirror
10756;The Haunted Mansion
503;Poseidon
11024;Scooby-Doo 2: Monsters Unleashed
4147;Road to Perdition
824;Moulin Rouge!
13027;Eagle Eye
9619;Dante's Peak
11619;Flushed Away
57212;War Horse
79;Hero
11618;The Haunting
10808;Dr. Dolittle 2
10603;George of the Jungle
2698;Evan Almighty
49530;In Time
4232;Scream
2289;Cold Mountain
855;Black Hawk Down
1372;Blood Diamond
686;Contact
7191;Cloverfield
27581;The Other Guys
4380;Shall We Dance?
10996;Stuart Little 2
38317;Zookeeper
11688;The Emperor's New Groove
128;Princess Mononoke
1966;Alexander
819;Sleepers
64328;The Muppets
214;Saw III
6068;Six Days Seven Nights
8914;Deep Blue Sea
1639;Speed 2: Cruise Control
12193;Four Christmases
10895;Pinocchio
1724;The Incredible Hulk
1852;World Trade Center
1635;The Island
1904;Memoirs of a Geisha
345;Eyes Wide Shut
2112;Payback
10320;The Ring Two
10330;Freaky Friday
4476;Legends of the Fall
11253;Hellboy II: The Golden Army
52520;Underworld: Awakening
1996;Lara Croft: Tomb Raider - The Cradle of Life
58233;Johnny English Reborn
36670;Never Say Never Again
4824;The Jackal
11228;Daylight
12096;The Pink Panther
187;Sin City
136795;The Heat
2119;Days of Thunder
20504;The Book of Eli
59962;This Means War
322;Mystic River
709;Licence to Kill
18126;Hannah Montana: The Movie
36586;Blade II
864;Cool Runnings
23168;The Town
927;Gremlins
1813;The Devil's Advocate
392;Chocolat
707;A View to a Kill
35056;Date Night
1645;A Time to Kill
393;Kill Bill: Vol. 2
10329;Congo
2280;Big
64686;47 Ronin
51052;Arthur Christmas
59436;Midnight in Paris
65759;Happy Feet Two
199;Star Trek: First Contact
46529;I Am Number Four
2275;The General's Daughter
14405;Beverly Hills Chihuahua
9408;Surf's Up
6073;The Mexican
45612;Source Code
9705;Swordfish
873;The Color Purple
11172;Music and Lyrics
50646;Crazy, Stupid, Love.
76726;Chronicle
11451;Herbie Fully Loaded
1907;The Beach
1535;Spy Game
1656;The Legend of Zorro
660;Thunderball
4477;The Devil's Own
85446;Step Up Revolution
11836;The SpongeBob SquarePants Movie
41216;Legend of the Guardians: The Owls of Ga'Hoole
663;Saw IV
152;Star Trek: The Motion Picture
792;Platoon
1265;Bridge to Terabithia
39538;Contagion
2270;Stardust
242;The Godfather Part III
27573;The Bounty Hunter
16996;17 Again
2157;Lost in Space
14873;The Jungle Book 2
137094;Jack Ryan: Shadow Recruit
1427;Perfume: The Story of a Murderer
11130;The Princess Diaries 2: Royal Engagement
332;Inspector Gadget
4105;Black Rain
10588;The Cat in the Hat
74643;The Artist
97630;Zero Dark Thirty
71676;Ghost Rider: Spirit of Vengeance
52451;The Three Musketeers
136400;2 Guns
14836;Coraline
978;Seven Years in Tibet
612;Munich
48138;Unknown
1885;The Karate Kid
1577;Resident Evil: Apocalypse
65086;The Woman in Black
245;About a Boy
36648;Blade: Trinity
5551;Space Cowboys
1213;The Talented Mr. Ripley
1729;The Forbidden Kingdom
22803;Law Abiding Citizen
38050;The Adjustment Bureau
3536;U-571
6520;First Knight
11096;Hide and Seek
34851;Predators
77951;Walking with Dinosaurs
253;Live and Let Die
2118;L.A. Confidential
3597;I Know What You Did Last Summer
80274;Ender's Game
1368;First Blood
658;Goldfinger
5994;The Family Man
860;WarGames
913;The Thomas Crown Affair
801;Good Morning, Vietnam
2135;The Time Machine
12107;Nutty Professor II: The Klumps
11283;Nanny McPhee
587;Big Fish
10357;Volcano
19959;Surrogates
2320;Executive Decision
563;Starship Troopers
1579;Apocalypto
74465;We Bought a Zoo
193;Star Trek: Generations
11775;Intolerable Cruelty
6538;Charlie Wilson's War
306;Beverly Hills Cop III
3933;Corpse Bride
200;Star Trek: Insurrection
76649;Pompeii
11001;Blue Streak
10731;The Client
16290;Jackass 3D
82654;Warm Bodies
72331;Abraham Lincoln: Vampire Hunter
524;Casino
681;Diamonds Are Forever
114150;Pitch Perfect
525;The Blues Brothers
22971;Dear John
2044;The Lake House
10590;We Were Soldiers
82696;Hope Springs
1439;Anna and the King
6282;Coyote Ugly
11917;Saw V
320;Insomnia
11371;The Score
3580;Changeling
12113;Body of Lies
39691;Cats & Dogs: The Revenge of Kitty Galore
907;Doctor Zhivago
834;Underworld: Evolution
12150;Sea of Love
6519;The Dukes of Hazzard
1642;The Net
4244;The Kid
10982;Hoodwinked!
16690;Return to Never Land
1124;The Prestige
2649;The Game
921;Cinderella Man
2023;Hidalgo
6415;Three Kings
9992;Arthur and the Invisibles
479;Shaft
77174;ParaNorman
13836;Race to Witch Mountain
2054;Mr. Holland's Opus
4442;The Brothers Grimm
2043;Along Came a Spider
82682;Gangster Squad
16866;Planet 51
348;Alien
2034;Training Day
10771;The Tuxedo
176;Saw
433;Mary Poppins
1576;Resident Evil
14435;My Bloody Valentine
43347;Love & Other Drugs
642;Butch Cassidy and the Sundance Kid
924;Dawn of the Dead
9470;Kung Fu Hustle
88751;Journey to the Center of the Earth
8831;Timecop
75;Mars Attacks!
24420;The Time Traveler's Wife
10684;Courage Under Fire
14444;The Rugrats Movie
16523;Where the Wild Things Are
10488;Nim's Island
6116;Spice World
1620;Hitman
11667;Street Fighter
1487;Hellboy
54518;Justin Bieber: Never Say Never
87421;Riddick
106;Predator
1428;Once Upon a Time in Mexico
37821;Killers
39513;Paul
11637;Are We There Yet?
671;Harry Potter and the Philosopher's Stone
682;The Man with the Golden Gun
853;Enemy at the Gates
174;Star Trek VI: The Undiscovered Country
278927;The Jungle Book
77866;Contraband
14462;The Manchurian Candidate
8452;The 6th Day
48171;The Rite
277;Underworld
1273;TMNT
123553;The Mortal Instruments: City of Bones
76758;The Flowers of War
1537;Changing Lanes
22972;Green Zone
4566;Michael Clayton
639;When Harry Met Sally...
3638;No Reservations
12437;Underworld: Rise of the Lycans
329;Jurassic Park
11804;White Noise
2085;Romeo Must Die
926;Galaxy Quest
15670;Madea Goes to Jail
2976;Hairspray
1636;Bedazzled
32823;Get Him to the Greek
2756;The Abyss
279;Amadeus
11202;Patton
23629;Sucker Punch
11412;The Long Kiss Goodnight
49730;Red Riding Hood
35690;The Last Song
10628;Kangaroo Jack
1255;The Host
6038;Shanghai Knights
206647;Spectre
1491;The Illusionist
10336;Spawn
5279;Gosford Park
328111;The Secret Life of Pets
209112;Batman v Superman: Dawn of Justice
134374;Pain & Gain
122906;About Time
157;Star Trek III: The Search for Spock
110415;Snowpiercer
4349;The Kingdom
11459;Sky High
150540;Inside Out
170;28 Days Later
219;Volver
13051;Max Payne
50348;The Lincoln Lawyer
77883;The Possession
116;Match Point
24438;Did You Hear About the Morgans?
2114;Final Fantasy: The Spirits Within
1949;Zodiac
88794;J. Edgar
12144;The Land Before Time
38322;Big Mommas: Like Father, Like Son
82525;Savages
82507;Sinister
1985;The Constant Gardener
75674;Act of Valor
557;Spider-Man
1248;Hannibal Rising
6278;Reign of Fire
37056;Letters to Juliet
314;Catwoman
59965;Abduction
62214;Frankenweenie
12201;Edge of Darkness
11888;Snow Dogs
12589;Jimmy Neutron: Boy Genius
14411;Sinbad: Legend of the Seven Seas
49517;Tinker Tailor Soldier Spy
4638;Hot Fuzz
22907;Takers
1788;Footloose
10877;Exit Wounds
338;Good Bye, Lenin!
657;From Russia with Love
5820;The Sentinel
217;Indiana Jones and the Kingdom of the Crystal Skull
1497;Teenage Mutant Ninja Turtles II: The Secret of the Ooze
1494;Curse of the Golden Flower
218;The Terminator
38321;Priest
293660;Deadpool
12184;The Other Boleyn Girl
16558;Duplicity
64690;Drive
11026;Exorcist: The Beginning
2026;Hostage
21208;Orphan
1389;Out of Sight
12100;Windtalkers
28665;Fame
591;The Da Vinci Code
5516;The Ladykillers
455;Bend It Like Beckham
13788;The Unborn
756;Fantasia
10501;The Road to El Dorado
796;Cruel Intentions
117;The Untouchables
11232;Kate & Leopold
10483;Death Race
42807;The Newton Boys
6171;Dreamcatcher
11362;The Count of Monte Cristo
10253;Dragon Wars: D-War
59861;Larry Crowne
297761;Suicide Squad
768;From Hell
11128;Ladder 49
62211;Monsters University
4517;Elizabeth: The Golden Age
87826;Here Comes the Boom
12094;Jackass Number Two
10796;The One
11113;My Fair Lady
1830;Lord of War
13515;Mirrors
14199;The Adventures of Sharkboy and Lavagirl
134;O Brother, Where Art Thou?
62835;Colombiana
12159;What Dreams May Come
16300;Down to Earth
9645;Ghost Ship
11679;xXx: State of the Union
137;Groundhog Day
109091;The Counselor
11237;Anacondas: The Hunt for the Blood Orchid
10724;Firefox
172;Star Trek V: The Final Frontier
157336;Interstellar
11247;A Cinderella Story
10762;Without a Paddle
38358;The Last Exorcism
9447;Babe: Pig in the City
96724;Anna Karenina
1909;Don Juan DeMarco
18162;Land of the Lost
1251;Letters from Iwo Jima
10715;Looney Tunes: Back in Action
2055;Open Range
177677;Mission: Impossible - Rogue Nation
80035;The Watch
83666;Moonrise Kingdom
10559;Frequency
22894;Legion
27579;The American
816;Austin Powers: International Man of Mystery
3172;Bandits
43539;The Next Three Days
201;Star Trek: Nemesis
617;Wild Things
42684;Skyline
103370;Madea's Witness Protection
1266;Street Kings
23172;The Spy Next Door
5123;August Rush
111;Scarface
3132;Bad Company
3683;Flags of Our Fathers
177572;Big Hero 6
12763;Take the Lead
2207;16 Blocks
11176;The Muppet Movie
1562;28 Weeks Later
49022;Something Borrowed
23048;Hot Tub Time Machine
11802;Space Chimps
71469;The Darkest Hour
668;On Her Majesty's Secret Service
2140;Kiss of the Dragon
44865;The Grandmaster
10413;Nowhere to Run
50456;Hanna
11560;High Crimes
11904;Young Sherlock Holmes
109421;Side Effects
9618;Tango & Cash
16781;Madea's Family Reunion
286217;The Martian
8960;Hancock
2309;Inkheart
10028;Honey
11386;The Crying Game
15489;Snow Day
21972;Like Mike
1997;Two Brothers
1722;Captain Corelli's Mandolin
326;Snakes on a Plane
14175;Valiant
1911;The 13th Warrior
22832;Ninja Assassin
49524;R.I.P.D.
1551;Flatliners
1901;In Good Company
10589;After the Sunset
615;The Passion of the Christ
17130;Crossroads
4474;My Super Ex-Girlfriend
11631;Mamma Mia!
2067;Mission to Mars
59859;Kick-Ass 2
49948;Fantasia 2000
470;21 Grams
12123;Chain Reaction
4959;The International
109491;Beautiful Creatures
38357;Morning Glory
16052;Selena
11576;It's a Mad, Mad, Mad, Mad World
646;Dr. No
121826;Quartet
4032;My Girl
889;The Flintstones in Viva Rock Vegas
80585;Rock of Ages
38757;Tangled
12220;The Story of Us
10934;Under the Tuscan Sun
5689;The Blue Lagoon
10923;Agent Cody Banks
45243;The Hangover Part II
622;The Ninth Gate
14164;Dragonball Evolution
9030;The Eye
24264;Sheena
5137;Sky Captain and the World of Tomorrow
20856;Aliens in the Attic
10833;Heartbreakers
49021;Killer Elite
13497;Drumline
10999;Commando
5876;The Mist
11358;Walking Tall
169;Predator 2
216015;Fifty Shades of Grey
11596;New Nightmare
11892;Murder by Numbers
10623;Cradle 2 the Grave
11969;Tombstone
2749;15 Minutes
186;Lucky Number Slevin
2252;Eastern Promises
71864;The Odd Life of Timothy Green
23742;Cop Out
417859;Puss in Boots
2116;Out of Time
20694;Rugrats Go Wild
2637;The Mothman Prophecies
2001;We Own the Night
29427;The Crazies
72105;Ted
246655;X-Men: Apocalypse
150689;Cinderella
11456;Domestic Disturbance
190859;American Sniper
10478;Tin Cup
1262;Stranger Than Fiction
4951;10 Things I Hate About You
281957;The Revenant
2787;Pitch Black
162;Edward Scissorhands
11870;Big Fat Liar
13682;Pooh's Heffalump Movie
26389;From Paris with Love
49950;The Roommate
140300;Kung Fu Panda 3
693;Meet the Fockers
11375;Hollywood Homicide
27582;The Mechanic
3989;Team America: World Police
11478;The Skulls
10439;Hocus Pocus
10414;The Mighty Ducks
5902;A Bridge Too Far
10735;What a Girl Wants
11932;Bride of Chucky
16186;Diary of a Mad Black Woman
11260;Meet Dave
11431;Fever Pitch
25113;The Four Seasons
72431;Red Tails
3040;Night Watch
167;K-PAX
2163;Breakdown
10307;Stigmata
172385;Rio 2
13972;The Women
41210;The Switch
4599;Raising Helen
12162;The Hurt Locker
42888;How Do You Know
15045;Fat Albert
13448;Angels & Demons
310;Bruce Almighty
12244;9
77016;End of Watch
22538;Scott Pilgrim vs. the World
11531;Book of Shadows: Blair Witch 2
22824;The Fourth Kind
1850;Man on the Moon
89;Indiana Jones and the Last Crusade
25196;Crazy Heart
254128;San Andreas
159824;Hotel Transylvania 2
13688;CJ7
243;High Fidelity
10577;Dracula 2000
59967;Looper
18785;The Hangover
17127;The Object of My Affection
6435;Practical Magic
10315;Fantastic Mr. Fox
603;The Matrix
114;Pretty Woman
49527;Man on a Ledge
11968;Into the Blue
107985;The World's End
11975;The Rainmaker
240832;Lucy
26390;Brooklyn's Finest
15655;The Tigger Movie
23631;Machete
11979;Queen of the Damned
161;Ocean's Eleven
826;The Bridge on the River Kwai
2142;Cop Land
11967;Young Guns
19405;Recess: School's Out
11831;Amistad
37498;Knock Off
4108;The Transporter
1725;West Side Story
13490;Welcome Home Roscoe Jenkins
13908;The Master of Disguise
12783;The Duchess
38117;Beastly
134411;Snitch
1948;Crank
10782;Basic
257;Oliver Twist
68718;Django Unchained
13184;Bangkok Dangerous
1958;8 Women
36819;Time Bandits
1499;Teenage Mutant Ninja Turtles III
38073;Going the Distance
11843;The Return of the Pink Panther
11323;The Informant!
78;Blade Runner
324668;Jason Bourne
928;Gremlins 2: The New Batch
45269;The King's Speech
4942;Leatherheads
1073;Arlington Road
47327;Drive Angry
13812;Quarantine
11377;House on Haunted Hill
18501;Gamer
62206;30 Minutes or Less
1648;Bill & Ted's Excellent Adventure
10431;War
18254;Reds
72387;Safe
11622;Blast from the Past
4858;The Invasion
3600;I Still Know What You Did Last Summer
59860;Monte Carlo
184;Jackie Brown
621;Grease
26428;Agora
189;Sin City: A Dame to Kill For
15765;What's Love Got to Do with It
50321;Mars Needs Moms
85;Raiders of the Lost Ark
11615;The Life of David Gale
16320;Serenity
10776;Little Shop of Horrors
15028;Clockstoppers
3093;Basic Instinct 2
10586;The Ghost and the Darkness
12212;Urban Legends: Final Cut
69668;Dream House
14034;What's the Worst That Could Happen?
1880;Red Dawn
17379;Last Holiday
1571;Live Free or Die Hard
703;Annie Hall
18937;Quest for Camelot
10025;Just My Luck
865;The Running Man
12837;The Secret Life of Bees
5393;Happily N'Ever After
10658;Howard the Duck
1649;Bill & Ted's Bogus Journey
205;Hotel Rwanda
36955;True Lies
12405;Slumdog Millionaire
11817;Bulletproof Monk
33644;How Stella Got Her Groove Back
3981;What Women Want
270946;Penguins of Madagascar
2268;The Golden Compass
13937;Raising Cain
137113;Edge of Tomorrow
46261;Don't Be Afraid of the Dark
544;There's Something About Mary
210577;Gone Girl
54054;One for the Money
228161;Home
7450;Titan A.E.
8011;Highlander: The Final Dimension
10866;Joy Ride
1572;Die Hard: With a Vengeance
2621;Return to Me
22345;Baby Geniuses
181533;Night at the Museum: Secret of the Tomb
163;Ocean's Twelve
86834;Noah
27191;The Greatest Show on Earth
11091;Riding in Cars with Boys
11359;The Indian in the Cupboard
44115;127 Hours
258489;The Legend of Tarzan
62008;Good Deeds
17908;My Dog Skip
568;Apollo 13
2057;Original Sin
640;Catch Me If You Can
75656;Now You See Me
64682;The Great Gatsby
17711;The Adventures of Rocky & Bullwinkle
13967;Miss Potter
153518;The Angry Birds Movie
11284;Freddy's Dead: The Final Nightmare
198663;The Maze Runner
421;The Life Aquatic with Steve Zissou
1272;Sunshine
12227;White Fang
98357;Broken City
2048;I, Robot
15092;Crank: High Voltage
10537;The Doors
188927;Star Trek Beyond
10610;The Medallion
1359;American Psycho
10632;The Hunted
94352;Cirque du Soleil: Worlds Away
12117;Instinct
25376;The Secret in Their Eyes
11015;The Relic
10564;Where the Heart Is
630;The Wizard of Oz
12182;Nick and Norah's Infinite Playlist
44040;Devil
291805;Now You See Me 2
11469;Black Knight
70435;Haywire
87;Indiana Jones and the Temple of Doom
187017;22 Jump Street
17043;The Crocodile Hunter: Collision Course
1597;Meet the Parents
4912;Confessions of a Dangerous Mind
81796;Lockout
2757;Adaptation.
18405;The Last House on the Left
17880;Because of Winn-Dixie
3489;88 Minutes
260346;Taken 3
23082;The Invention of Lying
33542;Rumble in the Bronx
1547;The Lost Boys
11509;Silverado
259693;The Conjuring 2
20943;The Ugly Truth
2155;Reindeer Games
138843;The Conjuring
1710;Copycat
539;Psycho
11033;Dressed to Kill
9573;Blood Work
453;A Beautiful Mind
20391;Paint Your Wagon
11780;Rob Roy
18828;Double Take
21724;Dance Flick
1832;Dogma
10383;Lost Souls
294254;Maze Runner: The Scorch Trials
13150;Pride and Glory
19904;The Stepfather
228165;The SpongeBob Movie: Sponge Out of Water
298;Ocean's Thirteen
49526;Premium Rush
39451;Little Fockers
12535;High Anxiety
2008;The Promise
10956;Joe Dirt
841;Dune
4806;Runaway Bride
3595;Ransom
22881;The Blind Side
2493;The Princess Bride
137321;Winter's Tale
11586;Exorcist II: The Heretic
222935;The Fault in Our Stars
14043;Nancy Drew
1402;The Pursuit of Happyness
840;Close Encounters of the Third Kind
11400;The New World
11426;From Here to Eternity
47964;A Good Day to Die Hard
10269;Yentl
94348;Alex Cross
1624;Liar Liar
57165;Wrath of the Titans
11398;The Art of War
11058;Godsend
11141;Laws of Attraction
480;Monsoon Wedding
10331;Night of the Living Dead
241259;Alice Through the Looking Glass
10569;Small Time Crooks
5491;Battlefield Earth
262500;Insurgent
5852;Angel Eyes
70436;The Raven
4688;Across the Universe
15301;Twilight Zone: The Movie
5955;The Pledge
16161;Baby Boy
18320;The Young Victoria
16323;The Rose
25132;Shorts
28355;Case 39
157350;Divergent
55721;Bridesmaids
17047;Agent Cody Banks 2: Destination London
14181;Boiler Room
2770;American Pie 2
254470;Pitch Perfect 2
9430;Go
14623;Thunderbirds
77950;Turbo
24418;Cirque du Freak: The Vampire's Assistant
38319;Your Highness
364;Batman Returns
24100;The Little Vampire
20322;The Brothers
9516;Menace II Society
14736;Love & Basketball
49040;The Bourne Legacy
2100;The Last Castle
13279;Lakeview Terrace
13374;Ice Princess
72976;Lincoln
24432;Doogal
14442;Ella Enchanted
11544;Lilo & Stitch
10437;The Muppet Christmas Carol
15927;A Passage to India
26688;Sorority Row
8982;The Protector
38365;Grown Ups
3604;Flash Gordon
12797;Ghost Town
195589;Neighbors
11370;The Musketeer
138832;We're the Millers
13223;Gran Torino
6968;The Baader Meinhof Complex
147441;Exodus: Gods and Kings
401;Garden State
4982;American Gangster
12246;Mongol: The Rise of Genghis Khan
37165;The Truman Show
9801;Bridget Jones: The Edge of Reason
37834;Knight and Day
16471;Modern Problems
13576;This Is It
2148;The Cotton Club
11918;Superhero Movie
11535;Rollerball
10733;The Alamo
755;From Dusk Till Dawn
13938;The Last Dragon
13809;RocknRolla
250546;Annabelle
132316;Jab Tak Hai Jaan
462;Erin Brockovich
15037;Can't Hardly Wait
14306;Marley & Me
50357;Apollo 18
13950;All About the Benjamins
168672;American Hustle
12160;Wyatt Earp
16158;The Wood
13159;Georgia Rule
10643;Godzilla 2000: Millennium
284;The Apartment
2667;The Blair Witch Project
11249;Seed of Chucky
78698;Big Miracle
109418;Grown Ups 2
57825;Bride & Prejudice
88036;Sparkle
227973;The Peanuts Movie
308531;Teenage Mutant Ninja Turtles: Out of the Shadows
62213;Dark Shadows
2359;Sicko
238;The Godfather
12312;Joe Somebody
257344;Pixels
184315;Hercules
1831;The Next Best Thing
68727;Trance
274167;Daddy's Home
41402;Let Me In
16991;Observe and Report
1573;Die Hard 2
17708;Corky Romano
10740;Birth
10944;In the Cut
207;Dead Poets Society
34813;The Losers
10476;Hustle & Flow
2105;American Pie
71552;American Reunion
13435;Antwone Fisher
258509;Alvin and the Chipmunks: The Road Chip
205596;The Imitation Game
10386;The Iron Giant
629;The Usual Suspects
68734;Argo
1268;Mr. Bean's Holiday
39939;Super Troopers
41283;Faster
10743;Confidence
14191;Aquamarine
19724;Imagine That
4597;Armored
39437;Beloved
1116;The Wind That Shakes the Barley
12403;A Perfect Getaway
8681;Taken
11971;Much Ado About Nothing
14429;Drive Me Crazy
489;Good Will Hunting
1366;Rocky
37799;The Social Network
13460;Doomsday
13536;City by the Sea
225574;Non-Stop
10758;Waitress
4256;Scary Movie 3
14846;Little Black Book
22897;It's Complicated
302699;Central Intelligence
52449;Bad Teacher
6114;Bram Stoker's Dracula
214756;Ted 2
38093;Just Wright
766;Army of Darkness
43931;My Soul to Take
50546;Just Go with It
680;Pulp Fiction
2567;The Aviator
577;To Die For
224141;Into the Woods
228150;Fury
44943;Battle: Los Angeles
41733;Due Date
13960;ATL
16617;Mindhunters
11601;Stir of Echoes
17654;District 9
24961;The Wiz
16281;Creepshow
11866;Flight of the Phoenix
10368;Tea with Mussolini
6217;Cat People
51540;Horrible Bosses
158852;Tomorrowland
1696;The Devil's Rejects
59961;Safe House
296096;Me Before You
11336;The Dead Zone
5723;Once
72571;Paranormal Activity 3
42222;Julia
24266;The Man from Snowy River
19898;Pandorum
10571;Boys and Girls
45272;Country Strong
267860;London Has Fallen
38167;Eat Pray Love
10661;You Don't Mess with the Zohan
253412;Everest
1018;Mulholland Drive
130150;Labor Day
10312;Patch Adams
12690;Appaloosa
844;2046
951;Kindergarten Cop
277216;Straight Outta Compton
34584;The NeverEnding Story
11827;Heavy Metal
10550;Ballistic: Ecks vs. Sever
21610;Nighthawks
2642;Two Weeks Notice
11258;Hard Rain
12158;Vampire in Brooklyn
16110;Thomas and the Magic Railroad
26602;Summer Catch
193610;The Other Woman
1824;50 First Dates
1091;The Thing
72570;The Vow
102362;Dead Man Down
2900;The Astronaut's Wife
67913;The Guard
16577;Astro Boy
267935;The BFG
257211;The Intern
1581;The Holiday
10461;Get Carter
381902;The Monkey King 2
10878;Saving Silverman
23827;Paranormal Activity
12508;Rock Star
11411;Superman IV: The Quest for Peace
10279;Summer of Sam
423;The Pianist
10167;Half Past Dead
156022;The Equalizer
11702;The Replacement Killers
37137;The Naked Gun 2½: The Smell of Fear
13768;Tuck Everlasting
26388;Buried
11007;Cheaper by the Dozen
1685;Beneath the Planet of the Apes
70670;Headhunters
8953;Steamboy
13523;Sex Drive
58224;Mr. Popper's Penguins
12138;3000 Miles to Graceland
76203;12 Years a Slave
59981;Legends of Oz: Dorothy's Return
21349;Anywhere but Here
19912;The Final Destination
1090;The Thirteenth Floor
10663;The Waterboy
24137;An Ideal Husband
526;Ladyhawke
31867;Repo Men
376659;Bad Moms
10481;102 Dalmatians
11561;Sleeper
6575;Walk Hard: The Dewey Cox Story
22796;Simon Birch
1598;Cape Fear
688;The Bridges of Madison County
11529;Sweet Home Alabama
18357;The Country Bears
76493;The Dictator
262504;Allegiant
13600;City of Ember
4257;Scary Movie 4
5966;Along Came Polly
142;Brokeback Mountain
41436;Paranormal Activity 2
65057;The Descendants
11661;Joyeux Noel
18681;Eye of the Beholder
13067;In the Land of Women
670;Oldboy
120467;The Grand Budapest Hotel
12149;Frailty
9600;Big Momma's House
109431;Identity Thief
194;Amélie
109443;Anchorman 2: The Legend Continues
9515;The Matador
17134;12 Rounds
4233;Scream 2
19899;Couples Retreat
2022;Mr. Deeds
11495;Firestarter
117263;Olympus Has Fallen
11835;Death Sentence
100042;Dumb and Dumber To
20483;Catch That Kid
1770;Michael Collins
16643;Life or Something Like It
77948;The Cold Light of Day
11321;Seven Pounds
15644;Paparazzi
166424;Fantastic Four
44048;Unstoppable
77930;Magic Mike
22947;Up in the Air
20455;Digimon: The Movie
296098;Bridge of Spies
849;Krull
290595;The Huntsman: Winter's War
58431;Pride and Prejudice and Zombies
10708;Daddy Day Care
12637;New York, New York
4944;Burn After Reading
227306;Unbroken
179;The Interpreter
56715;Just Visiting
4234;Scream 3
87502;Flight
41823;Mo' Better Blues
11980;The Prophecy
2604;Born on the Fourth of July
91586;Insidious: Chapter 2
216282;Into the Storm
6557;27 Dresses
11065;O
41233;Step Up 3D
257445;Goosebumps
55779;Final Destination 5
5236;Kiss Kiss Bang Bang
19255;Away We Go
11901;High Plains Drifter
365222;Ip Man 3
6023;P.S. I Love You
1246;Rocky Balboa
273248;The Hateful Eight
152760;The Monuments Men
1125;Dreamgirls
60309;The Conspirator
4379;Monster-in-Law
25166;Drowning Mona
168530;Ride Along
61891;Anonymous
34086;Spaced Invaders
1381;The Fountain
59108;Tower Heist
14165;Ta Ra Rum Pum
208134;Jackass Presents: Bad Grandpa
205584;Gods of Egypt
106747;Machete Kills
71880;Jack and Jill
50544;Friends with Benefits
15070;Undisputed
6071;Kiss of Death
193756;Lone Survivor
2123;Me, Myself & Irene
41630;No Strings Attached
345911;Lights Out
14024;Raise Your Voice
4464;Seabiscuit
10384;Supernova
146216;RED 2
13680;The Game Plan
9662;The Triplets of Belleville
215;Saw II
7347;Elite Squad
454;Romeo + Juliet
4512;The Assassination of Jesse James by the Coward Robert Ford
132232;Mama
403;Driving Miss Daisy
13700;Home on the Range
51162;Winnie the Pooh
21311;I Dreamed of Africa
10676;Halloween III: Season of the Witch
12704;Ishtar
13483;Awake
294272;Pete's Dragon
2687;Memoirs of an Invisible Man
55347;Beginners
18701;Being Julia
82990;Paranormal Activity 4
12770;Stealing Harvard
7973;Caramel
62838;New Year's Eve
4248;Scary Movie 2
10416;What Planet Are You From?
271718;Trainwreck
562;Die Hard
223702;Sausage Party
16441;The Beastmaster
22314;In Too Deep
27936;Micmacs
838;American Graffiti
11194;Touching the Void
18480;Brüno
29193;The Spanish Prisoner
11565;Big Momma's House 2
11467;America's Sweethearts
107846;Escape Plan
74534;The Best Exotic Marigold Hotel
10637;Remember the Titans
193893;Let's Be Cops
28211;Chloe
41439;Saw 3D
10739;Anything Else
12610;Osmosis Jones
1164;Babel
33909;Wall Street: Money Never Sleeps
4584;Sense and Sensibility
137093;Last Vegas
196867;Annie
257088;Point Break
318846;The Big Short
3021;1408
168;Star Trek IV: The Voyage Home
10678;Bringing Down the House
26748;Lone Star
11287;A League of Their Own
36647;Blade
1584;School of Rock
92182;Silent House
4347;Atonement
10395;Wolf
2312;In the Name of the King: A Dungeon Siege Tale
1819;You, Me and Dupree
83542;Cloud Atlas
10625;Mean Girls
11208;Wicker Park
8337;They Live
24803;Julie & Julia
46889;Living Out Loud
16072;Gods and Generals
266647;Pan
12133;Step Brothers
232672;Blended
11191;Mystic Pizza
27322;Love Jones
15268;Street Fighter: The Legend of Chun-Li
1667;March of the Penguins
12142;Alone in the Dark
11022;Narc
46138;Made in Dagenham
225886;Sex Tape
109414;This Is the End
40160;Meteor
319;True Romance
29064;The Omega Code
10246;Porky's
782;Gattaca
14113;Zoom
10327;Legally Blonde 2: Red, White & Blonde
323675;Ride Along 2
1677;Ray
436;Maria Full of Grace
18079;Nine Queens
11027;The Postman Always Rings Twice
266856;The Theory of Everything
20697;Ready to Rumble
1165;The Queen
227783;The Nut Job
22954;Invictus
14854;Lone Wolf McQuade
609;Poltergeist
146233;Prisoners
23367;Bandslam
4348;Pride & Prejudice
300168;Dragon Blade
4911;Dark Blue
14120;End of the Spear
86825;Stoker
2255;Chasing Amy
11644;Blow Out
88042;Parental Guidance
153;Lost in Translation
11072;Blazing Saddles
2251;Unfaithful
332567;The Shallows
4836;Layer Cake
316727;The Purge: Election Year
1809;The Rules of Attraction
18885;3 Ninjas Kick Back
264999;Magic Mike XXL
13579;The Longshots
292;Dave Chappelle's Block Party
55787;Water for Elephants
15189;Hotel for Dogs
16112;The Adventures of Elmo in Grouchland
866;Finding Neverland
6466;Freddy vs. Jason
37903;The White Ribbon
2925;The First Wives Club
11954;Lifeforce
11361;Halloween 5: The Revenge of Michael Myers
132363;The Butler
71688;The Iron Lady
2610;Shopgirl
2789;The Chronicles of Riddick
11036;The Notebook
2288;Closer
10521;Bride Wars
68737;Seventh Son
12153;White Chicks
280092;Insidious: Chapter 3
6615;Lars and the Real Girl
2162;Chill Factor
140823;Saving Mr. Banks
259694;How to Be Single
238636;The Purge: Anarchy
257091;Get Hard
8885;Waltz with Bashir
13155;Return to Oz
5172;The Astronaut Farmer
46528;The Warrior's Way
333371;10 Cloverfield Lane
60308;Moneyball
175574;Free Birds
29463;Krush Groove
299687;The 5th Wave
15074;Extreme Ops
765;Evil Dead II
510;One Flew Over the Cuckoo's Nest
325133;Neighbors 2: Sorority Rising
48340;Sanctum
170687;The Boxtrolls
203801;The Man from U.N.C.L.E.
227159;Horrible Bosses 2
256961;Paul Blart: Mall Cop 2
10781;The Texas Chainsaw Massacre: The Beginning
3049;Ace Ventura: Pet Detective
15992;Abandon
1878;Fear and Loathing in Las Vegas
44603;Hereafter
5550;RoboCop 3
21345;City of Life and Death
10761;Made of Honor
22821;The Boondock Saints II: All Saints Day
2755;About Schmidt
20533;Jonah Hex
77953;The Campaign
12257;Home Fries
296099;Vacation
198184;Chappie
3512;Under Siege 2: Dark Territory
2110;Wasabi
242512;Ouija
14396;Code Name: The Cleaner
25941;Harry Brown
194662;Birdman or (The Unexpected Virtue of Ignorance)
10314;She's All That
11638;Guess Who
157353;Transcendence
77987;Only God Forgives
57214;Project X
240;The Godfather Part II
19908;Zombieland
10705;Henry V
10496;Bats
14629;Woman on Top
76487;The Devil Inside
13922;The Great Raid
12090;Just Married
236751;Heaven Is for Real
17707;Brokedown Palace
274479;Joy
550;Fight Club
40001;Mrs. Winterbourne
218778;Alexander and the Terrible, Horrible, No Good, Very Bad Day
588;Silent Hill
773;Little Miss Sunshine
226486;Tammy
9563;Any Given Sunday
205220;Philomena
12103;Don't Say a Word
17709;Dudley Do-Right
261023;Black Mass
49018;Insidious
26320;Taking Woodstock
77877;The Lucky One
160588;Blue Jasmine
42188;Never Let Me Go
211954;Instructions Not Included
16222;Whatever It Takes
39053;Cyrus
314365;Spotlight
11353;Bowfinger
11863;Jade
298312;The Visit
1640;Crash
1817;Phone Booth
112949;Safe Haven
309809;The Little Prince
109428;Evil Dead
228326;The Book of Life
41446;Scream 4
1954;The Butterfly Effect
1585;It's a Wonderful Life
5038;Vicky Cristina Barcelona
88005;Seeking a Friend for the End of the World
23483;Kick-Ass
67660;Think Like a Man
10045;District B13
62837;Dolphin Tale
4551;Be Cool
2752;40 Days and 40 Nights
109410;42
935;Dr. Strangelove or: How I Learned to Stop Worrying and Love the Bomb
14283;The Red Violin
11519;1941
2018;The Wedding Planner
10629;Veronica Guerin
291870;Dirty Grandpa
271969;Ben-Hur
22215;Chéri
231;Syriana
205775;In the Heart of the Sea
45317;The Fighter
10992;Cats & Dogs
303858;Money Monster
37931;MacGruber
11013;Secretary
1586;Secret Window
10950;I Am Sam
15373;Role Models
16538;I Love You, Man
307081;Southpaw
94329;The Raid
113947;The Sessions
227348;Paranormal Activity: The Marked Ones
16871;Drag Me to Hell
6439;Racing Stripes
302688;My Big Fat Greek Wedding 2
1588;Bring It On
1621;Trading Places
2832;Identity
96721;Rush
21338;Stone Cold
42297;Burlesque
228194;The Hundred-Foot Journey
16353;Ong Bak 2
158015;The Purge
14299;Cadillac Records
89492;This Is 40
11507;Body Double
184346;Deliver Us from Evil
16995;State of Play
2277;Bicentennial Man
11635;Old School
12484;The Forsaken
4965;Impostor
188161;A Million Ways to Die in the West
38778;Dinner for Schmucks
3034;Young Frankenstein
2669;The Bounty
268238;The Second Best Exotic Marigold Hotel
10929;Willard
286565;Paper Towns
10890;Stripes
328387;Nerve
2185;Big Trouble
273481;Sicario
11190;The Return
133805;Carrie
11090;The Animal
38579;Marmaduke
205587;The Judge
107;Snatch
813;Airplane!
14811;Fiddler on the Roof
4133;Blow
48988;Hall Pass
43593;Piranha 3D
11978;Men of Honor
4518;Elizabeth
18276;Hoot
1690;Hostel
40264;Vampires Suck
145220;Muppets Most Wanted
711;Finding Forrester
15582;Teen Wolf Too
323676;The Boss
249164;If I Stay
11592;Serial Mom
783;Gandhi
34806;The Back-Up Plan
10611;Barbershop
100241;I, Frankenstein
3509;A Scanner Darkly
203833;The Book Thief
10316;The Ides of March
82650;Diary of a Wimpy Kid: Dog Days
33217;Diary of a Wimpy Kid
5353;The Hunting Party
4148;Revolutionary Road
10428;Hackers
14635;The Rookie
1931;Stomp the Yard
4513;30 Days of Night
49520;The Change-Up
37735;Easy A
141;Donnie Darko
4011;Beetlejuice
10333;The Prince of Tides
152737;August: Osage County
339984;Miracles from Heaven
10400;The Hurricane
321258;The Boy
17994;Witchboard
14578;Outside Providence
15158;Phantasm II
104;Run Lola Run
287948;The Transporter Refueled
60307;Diary of a Wimpy Kid: Rodrick Rules
17339;Force 10 from Navarone
872;Singin' in the Rain
627;Trainspotting
146304;The Best Man Holiday
20829;Funny People
241554;Run All Night
254473;Brick Mansions
11692;The Adventures of Pluto Nash
948;Halloween
184098;Think Like a Man Too
11066;Boomerang
14351;Crossover
5176;3:10 to Yuma
582;The Lives of Others
10765;Private Benjamin
16363;The Best Little Whorehouse in Texas
1257;Because I Said So
2959;License to Wed
50725;Take Me Home Tonight
23759;Centurion
10313;The Men Who Stare at Goats
11812;The Sweetest Thing
158011;The Call
15256;200 Cigarettes
164558;One Direction: This Is Us
10991;Pokémon 3: The Movie
22804;Saw VI
46738;Incendies
235260;Son of God
12088;Fortress
209451;Jersey Boys
16769;Coal Miner's Daughter
44564;The Dilemma
1779;Roger & Me
227156;The Giver
273895;Selma
11397;Not Another Teen Movie
10353;The Visitors II: The Corridors of Time
1792;Stuck on You
1921;Sweet November
293863;The Age of Adaline
10402;Deuce Bigalow: Male Gigolo
979;Irreversible
11690;Bloodsport
24034;Teacher's Pet
243938;Hot Tub Time Machine 2
14292;Miracle
586;Wag the Dog
202575;The House of Magic
243940;The Lazarus Effect
10377;My Cousin Vinny
10806;In & Out
270487;Hail, Caesar!
198277;Begin Again
3179;Beavis and Butt-Head Do America
11351;Jeepers Creepers 2
228205;The Longest Ride
116613;The Sweeney
10226;High Tension
1683;The Reaping
146238;Runner Runner
17610;Year One
10468;28 Days
167073;Brooklyn
287903;Krampus
304357;Woman in Gold
188207;The Legend of Hercules
285783;The Walk
794;The Omen
1887;Marie Antoinette
35688;Why Did I Get Married Too?
504;Monster
11439;The Ghost Writer
39486;Secretariat
139038;A Haunted House
30379;Megiddo: The Omega Code 2
4967;Keeping the Faith
51828;One Day
182;The Good German
522;Ed Wood
328425;The Gift
169917;A Walk Among the Tombstones
11648;Must Love Dogs
87428;That's My Boy
11460;Red Eye
650;Boyz n the Hood
62630;The Devil's Double
27380;MegaForce
1123;Catch a Fire
377;A Nightmare on Elm Street
329833;Zoolander 2
43933;Monsters
1360;Frida
5915;Into the Wild
23169;Remember Me
17202;Why Did I Get Married?
152532;Dallas Buyers Club
10647;Pay It Forward
1378;Shortbus
18736;The Lizzie McGuire Movie
13025;Diary of the Dead
21755;The Brothers Bloom
62204;Quest for Fire
64685;Extremely Loud & Incredibly Close
5072;Severance
2539;Spanglish
239563;St. Vincent
76489;The Three Stooges
16619;Ordinary People
15745;Made
10477;Driven
11551;Small Soldiers
3291;Good Night, and Good Luck.
192141;No Escape
13006;Split Second
16620;La Bamba
72207;The Five-Year Engagement
23685;Monkeybone
31915;Prophecy
136835;No Good Deed
175555;A Madea Christmas
283445;Sinister 2
13920;Radio
192102;3 Days to Kill
6488;Arachnophobia
36047;The In Crowd
10696;Glitter
228970;Wild
241251;The Boy Next Door
227735;Dolphin Tale 2
11873;The Color of Money
300673;The Finest Hours
10385;Hanging Up
1957;Enough
26367;I Can Do Bad All By Myself
10861;Maximum Risk
268920;Hot Pursuit
146239;Delivery Man
18041;Gossip
14359;Doubt
16608;The Proposition
321741;Concussion
242582;Nightcrawler
1103;Escape from New York
10393;The Replacements
36691;Solitary Man
762;Monty Python and the Holy Grail
293670;The Wailing
1259;Notes on a Scandal
34016;She's Out of My League
451;Leaving Las Vegas
2290;Jakob the Liar
398;Capote
407887;Operation Chromite
222899;About Last Night
87825;Trouble with the Curve
11778;The Deer Hunter
315664;Florence Foster Jenkins
1523;The Last King of Scotland
48034;Little White Lies
334;Magnolia
3558;Girl, Interrupted
37950;Charlie St. Cloud
1883;Malcolm X
4421;G.I. Jane
85350;Boyhood
107811;21 & Over
259943;Coming Home
786;Almost Famous
152601;Her
210860;Mortdecai
16651;The Other Side of Heaven
43959;Soul Surfer
11683;Land of the Dead
12106;The Quick and the Dead
769;GoodFellas
2196;Death at a Funeral
10718;Torque
2447;The Nativity Story
73567;Killer Joe
1781;An Inconvenient Truth
119283;Parker
10390;For Love of the Game
335778;Risen
185008;Yeh Jawaani Hai Deewani
228203;McFarland, USA
48289;The Debt
225565;That Awkward Moment
238603;Earth to Echo
34043;On the Line
64807;Grudge Match
1365;Monster's Ball
1999;In the Bedroom
3116;Midnight Cowboy
694;The Shining
284293;Still Alice
12163;The Wrestler
11676;Nothing to Lose
157547;Oculus
82505;House at the End of the Street
84332;Safety Not Guaranteed
592;The Conversation
10585;Child's Play
116741;The Internship
272878;Max
10673;Wall Street
272693;The DUFF
11170;We Are Marshall
13335;Harold & Kumar Escape from Guantanamo Bay
4995;Boogie Nights
1646;Freedom Writers
204082;Homefront
10734;Escape from Alcatraz
14033;Soul Survivors
276907;Legend
299245;The Gallows
11770;Shaolin Soccer
333348;Love the Coopers
23479;The Bad News Bears
26022;My Name Is Khan
10358;Zack and Miri Make a Porno
256274;As Above, So Below
177;The Fisher King
50035;Lovely & Amazing
82687;The Guilt Trip
13596;My Best Friend's Girl
12277;Undercover Brother
590;The Hours
6552;Idle Hands
11823;Wimbledon
46332;Of Gods and Men
8879;Pale Rider
239678;This Is Where I Leave You
25189;The Mirror Has Two Faces
49049;Dredd
58151;Fright Night
18840;The White Countess
12177;The Love Guru
9067;Tank Girl
20857;Hardball
713;The Piano
23706;All About Steve
252;Willy Wonka & the Chocolate Factory
77;Memento
25678;American Ninja 2: The Confrontation
11977;Caddyshack
37414;The Killer Inside Me
59678;Attack the Block
4958;The Legend of Bagger Vance
687;Dead Man Walking
11452;National Lampoon's Van Wilder
40807;50/50
284536;The Gambler
1975;The Grudge 2
429;The Good, the Bad and the Ugly
12658;Someone Like You...
93856;Chernobyl Diaries
17332;The Soloist
198185;Million Dollar Arm
23618;The Original Kings of Comedy
957;Spaceballs
76349;1911
44944;For Colored Girls
64689;Killing Them Softly
16858;All That Jazz
17264;The Black Stallion
11442;Halloween: Resurrection
57119;Jumping the Broom
329440;The Forest
11086;The Majestic
2977;Becoming Jane
925;Do the Right Thing
295964;Burnt
79316;Devil's Due
14177;Beauty Shop
18947;The Boat That Rocked
35169;Furry Vengeance
55465;A Very Harold & Kumar Christmas
10970;Silent Movie
25643;Love Happens
19265;Whatever Works
24662;Cats Don't Dance
29912;The Robe
239571;The Best of Me
11186;Child's Play 2
1691;Hostel: Part II
72213;Courageous
1430;Bowling for Columbine
60599;Arbitrage
264644;Room
75900;My Week with Marilyn
290751;Secret in Their Eyes
10935;Heaven's Gate
28121;A Thin Line Between Love and Hate
39781;The Kids Are All Right
859;Dangerous Liaisons
16162;The Best Man
11973;Thirteen Days
20616;Swimfan
321697;Steve Jobs
15186;Full Frontal
14624;The Ultimate Gift
11042;The Barbarian Invasions
228066;Victor Frankenstein
226857;Endless Love
12498;Sling Blade
13411;Malibu's Most Wanted
11056;Darkness
41469;Next Stop Wonderland
2294;Jay and Silent Bob Strike Back
227;The Outsiders
13260;Semi-Pro
10426;Friday After Next
14438;Fireproof
239566;Get on Up
17186;Supercross
11004;Wonder Boys
84892;The Perks of Being a Wallflower
84329;Robot & Frank
227719;Project Almanac
86838;Seven Psychopaths
473;Pi
86829;Inside Llewyn Davis
2088;Romeo Is Bleeding
25195;Leap Year
254904;The November Man
87818;Movie 43
10592;Hart's War
10436;The Age of Innocence
181330;Kevin Hart: Let Me Explain
38303;You Again
10388;The Limey
238615;Self/less
1833;Rent
10591;The Girl Next Door
512;Scoop
19994;Jennifer's Body
157849;A Most Wanted Man
21461;Lage Raho Munna Bhai
3635;Girl with a Pearl Earring
70868;I Don't Know How She Does It
12573;A Serious Man
10985;The New Guy
64720;Take Shelter
30497;The Texas Chain Saw Massacre
72113;Carnage
598;City of God
13824;Superstar
4953;Be Kind Rewind
63492;What's Your Number?
14047;The Great Debaters
232679;When the Game Stands Tall
747;Shaun of the Dead
27586;The Runaways
86837;Amour
764;The Evil Dead
14048;Man on Wire
10523;W.
13994;Romance & Cigarettes
26352;A Low Down Dirty Shame
4251;Veer-Zaara
11132;Confessions of a Teenage Drama Queen
10712;Far from Heaven
14536;New in Town
15389;Metropolitan
39141;Tadpole
87093;Big Eyes
200505;Draft Day
8841;The Class
103;Taxi Driver
1946;eXistenZ
13064;Airborne
100;Lock, Stock and Two Smoking Barrels
278;The Shawshank Redemption
68722;The Master
11354;The Upside of Anger
10557;East Is East
10634;Friday
30943;The Deep End of the Ocean
13888;Return to the Blue Lagoon
2575;The Tailor of Panama
129670;Nebraska
20766;The Road
16406;Dick
48231;A Dangerous Method
124459;The Incredible Burt Wonderstone
37964;Brown Sugar
192136;Mandela: Long Walk to Freedom
38843;Ramona and Beezus
2666;Dark City
13342;Fast Times at Ridgemont High
10535;Spy Hard
14202;The Painted Veil
2295;Clerks II
17182;Eye for an Eye
38223;Harriet the Spy
10560;Center Stage
222936;Aloha
45658;Everything Must Go
24684;An Education
1955;The Elephant Man
12506;Cry Freedom
10445;Shadowlands
38363;Fair Game
284296;Top Five
285923;Grindhouse
184345;A Haunted House 2
253235;And So It Goes
209263;Enough Said
45610;Machine Gun Preacher
45958;Biutiful
316152;Free State of Jones
11543;Kingpin
1544;Imagine Me & You
34653;A Single Man
179144;The Great Beauty
293646;The 33
59968;Our Idiot Brother
323677;Race
5125;Rendition
1412;sex, lies, and videotape
87729;Jefferson in Paris
6440;The Shipping News
4997;Wonderland
11240;My Beautiful Laundrette
60243;A Separation
50647;Wanderlust
11313;Hearts in Atlantis
127560;The Railway Man
34723;The Adventures of Huck Finn
11282;Harold & Kumar Go to White Castle
1429;25th Hour
33870;Mao's Last Dancer
4550;Lady Vengeance
10774;Network
2176;The Glass House
347126;God's Not Dead 2
10646;Tomcats
59440;Warrior
19848;The Players Club
1245;The Remains of the Day
147773;The Way Way Back
58048;Shanghai Surprise
20737;Air Bud
18615;Fur: An Imaginary Portrait of Diane Arbus
1578;Raging Bull
13820;Repo Man
18533;Bronson
57157;Young Adult
11152;The Ruins
175528;Baggage Claim
302;Swimming Pool
6521;The Contender
11453;Deuce Bigalow: European Gigolo
25462;Two Can Play That Game
2355;Reign Over Me
245700;Mr. Turner
144336;Sabotage
72358;A Thousand Words
18147;Unaccompanied Minors
87567;The Big Wedding
16232;Mr. 3000
1989;My Blueberry Nights
11162;The Merchant of Venice
13498;Man of the House
253331;Black or White
9656;Black Christmas
34563;Our Family Wedding
11025;New York Minute
24977;Michael Jordan to the Max
837;Videodrome
351819;Fifty Shades of Black
84175;Beasts of the Southern Wild
127493;Stolen
325789;The Infiltrator
14012;Flicka
11257;A Room with a View
342521;Keanu
97430;The Man with the Iron Fists
23049;My Life in Ruins
32275;Duel in the Sun
71157;Polisse
16727;The Namesake
10802;Showgirls
20794;Novocaine
36355;Flipper
2989;Roar
62676;Limbo
2895;The Apostle
2013;The Diving Bell and the Butterfly
68812;The Iceman
218043;Left Behind
50839;Margin Call
152742;The Best Offer
20337;Martin Lawrence Live: Runteldat
97614;Deadfall
13751;Akeelah and the Bee
1988;A Mighty Heart
10622;Mr. Nice Guy
13370;A Mighty Wind
1947;An Unfinished Life
144340;Admission
11499;Frost/Nixon
10664;[REC]²
15237;De-Lovely
103663;The Hunt
14144;Daddy Day Camp
31175;Soul Kitchen
44009;Another Year
26963;The Secret of Kells
11624;Everything You Always Wanted to Know About Sex *But Were Afraid to Ask
26618;Clay Pigeons
308639;Dope
11298;The Howling
22787;Whiteout
2662;House of 1000 Corpses
11357;Halloween 4: The Return of Michael Myers
201088;Blackhat
241257;Regression
157354;Fruitvale Station
46503;All Good Things
235271;Addicted
53457;Sarah's Key
22597;The Broken Hearts Club: A Romantic Comedy
22074;Capitalism: A Love Story
11306;Extreme Measures
312221;Creed
191714;The Lunchbox
16614;Adventureland
18550;Fled
11545;Rushmore
11184;Kinsey
49852;The Nutcracker: The Untold Story
14395;Kabhi Alvida Naa Kehna
13476;Win a Date with Tad Hamilton!
11470;Jason X
11093;House of Sand and Fog
14976;Rachel Getting Married
12771;Serving Sara
10691;Crazy/Beautiful
3682;54
70829;The Last Godfather
22798;Whip It
109417;Battle of the Year
26171;Everybody's Fine
10362;Two Lovers
10984;Valentine
17187;The Emperor's Club
13090;Sunshine Cleaning
11889;Iris
11632;Vanity Fair
17170;Bright Lights, Big City
29076;Gun Shy
32235;Northfork
32740;Krrish
58051;Housefull
62215;Melancholia
339408;The Birth of a Nation
14729;The Long Riders
256917;The Water Diviner
204922;Before I Go to Sleep
46705;Blue Valentine
15487;The Greatest Game Ever Played
164457;Out of the Furnace
17813;Alex & Emma
10280;Thinner
19840;I Love You, Beth Cooper
19905;The Goods: Live Hard, Sell Hard
209274;Ida
146203;The Last Exorcism Part II
27569;Extraordinary Measures
18975;The Adventures of Pinocchio
14557;Dead Man on Campus
10987;Halloween: The Curse of Michael Myers
71805;Shipwrecked
6106;Salvador
11876;The Horseman on the Roof
45153;Eve's Bayou
1440;Little Children
12657;Soul Plane
39210;Somewhere
14369;Out Cold
171274;Inherent Vice
302156;Criminal
2074;Flirting with Disaster
241771;Beyond the Lights
18886;Flight of the Intruder
391;A Fistful of Dollars
239573;Unfinished Business
309425;Do You Believe?
29963;Bright Star
13166;Freddy Got Fingered
10925;The Return of the Living Dead
10306;Poltergeist III
848;Dragonslayer
13805;Disaster Movie
13776;Diner
16784;Welcome to Mooseport
10283;Friday the 13th Part VIII: Jason Takes Manhattan
16288;Creepshow 2
28353;How to Be a Player
12120;My Stepmother Is an Alien
39013;Winter's Bone
16888;The Ladies Man
10858;Nixon
13496;American Outlaws
266396;The Gunman
10760;Sydney White
75638;Red Lights
15005;One Night with the King
546;Transamerica
31908;Ghosts of Mississippi
11109;Vera Drake
83686;The Words
14434;I Think I Love My Wife
595;To Kill a Mockingbird
24940;Head Over Heels
10105;Saints and Soldiers
244786;Whiplash
10397;Angela's Ashes
25636;Jesus' Son
13191;War, Inc.
16028;They
1542;Office Space
15394;Owning Mahowny
10655;Gettysburg
15049;Bon Cop Bad Cop
146198;Triple 9
16428;Breakin' All the Rules
18777;Slow Burn
228967;The Interview
19316;Saving Face
14844;Chasing Liberty
27404;My Big Fat Independent Movie
12586;Bella
28902;In Dreams
41110;I Am Love
18475;The Cookout
241239;A Most Violent Year
25066;Tales from the Hood
84174;Bachelorette
89325;Darling Companion
7913;Rang De Basanti
34314;Turbulence
82679;Fun Size
14295;You Can Count on Me
132344;Before Midnight
301351;We Are Your Friends
10707;The Squid and the Whale
48572;Red State
704;A Hard Day's Night
12509;Pollock
13539;Here on Earth
12569;Extract
45324;Casino Jack
256924;Danny Collins
71859;We Need to Talk About Kevin
10366;Universal Soldier: The Return
2639;Deconstructing Harry
11699;Bad Lieutenant: Port of Call - New Orleans
146227;Getaway
289;Casablanca
17926;Undiscovered
252680;Moms' Night Out
1443;The Virgin Suicides
13685;Bottle Rocket
10744;The Cooler
10533;The Scarlet Letter
24113;Town & Country
64639;Straw Dogs
18925;Facing the Giants
10534;White Squall
15976;The Bubble
13408;The Wash
51588;Prom
13193;Saved!
11023;Thirteen
13056;Punisher: War Zone
1408;Cutthroat Island
15647;Kissing Jessica Stein
31005;Moonlight Mile
1587;What's Eating Gilbert Grape
15907;Duma
205588;Our Kind of Traitor
868;Tsotsi
68818;Blackthorn
14325;The Express
17431;Moon
1688;Conquest of the Planet of the Apes
79694;The Apparition
3083;Mr. Smith Goes to Washington
11363;She's the One
157841;The Young and Prodigious T.S. Spivet
44113;Stone
1717;All the King's Men
5126;Martian Child
14358;Mad Hot Ballroom
4816;Ghost Dog: The Way of the Samurai
12412;Miracle at St. Anna
72359;Peeples
2211;Aimée & Jaguar
53862;Trippin'
15198;Mystery, Alaska
59930;The Inkwell
1705;Battle for the Planet of the Apes
1548;Ghost World
83770;On the Road
10186;The Rocker
2056;The Station Agent
162903;The Fifth Estate
26791;Brigham City
1950;Lucky You
46829;Barney's Version
20761;Play It to the Bone
12596;Pushing Tin
6478;Beyond the Sea
11051;The Last Temptation of Christ
63006;Dum Maaro Dum
17834;A Simple Wish
10873;Shadow of the Vampire
73937;The Big Year
5708;Control
15708;Latter Days
11798;This Is England
29146;Charly
133694;Promised Land
68924;The Ice Storm
58680;Woo
16337;The Texas Chainsaw Massacre 2
193613;Metallica: Through the Never
25208;The Caveman's Valentine
82684;Chasing Mavericks
28053;City Island
44639;Inside Job
14275;Hoop Dreams
21525;Tupac: Resurrection
209403;Bad Words
13405;The Children of Huang Shi
4107;Bloody Sunday
30309;Real Women Have Curves
49010;Hobo with a Shotgun
2453;Harley Davidson and the Marlboro Man
1415;Party Monster
641;Requiem for a Dream
1651;Mississippi Mermaid
30139;Phat Girlz
19419;Screwed
10876;Quills
41479;The Joneses
175541;Black Nativity
10317;Our Brand Is Crisis
13948;An American Carol
2652;Hard Candy
20542;Delgo
52067;Cedar Rapids
157386;The Spectacular Now
134597;The Collection
12634;The Big Bounce
4929;Hang 'em High
11468;The Salton Sea
245703;Midnight Special
44853;The Claim
33511;Nowhere Boy
36696;Space Dogs
256962;Little Boy
318850;The Young Messiah
43923;It's Kind of a Funny Story
10871;Switchback
14474;The Oh in Ohio
3033;Gods and Monsters
404;The Straight Story
25704;Post Grad
20009;Slackers
22267;Ride with the Devil
13991;College
1590;Copying Beethoven
74536;The Son of No One
11959;UHF
24621;Chasing Papi
152747;All Is Lost
27455;Foolish
2771;American Splendor
76;Before Sunrise
19052;Light It Up
84188;Compliance
80304;Casa de Mi Padre
159014;20 Feet from Stardom
152599;The Immigrant
25769;Carriers
49471;Get on the Bus
43947;I Spit on Your Grave
291270;Anomalisa
15581;Who's Your Caddy?
23570;The Pallbearer
14293;Poolhall Junkies
73873;Albert Nobbs
666;Central Station
14799;For Your Consideration
149;Akira
14662;Slums of Beverly Hills
311;Once Upon a Time in America
13158;Aqua Teen Hunger Force Colon Movie Film for Theaters
231576;Wish I Was Here
14337;Primer
83860;October Baby
335;Once Upon a Time in the West
19153;The Real Cancun
82631;Won't Back Down
16564;Winter in Wartime
244772;The Skeleton Twins
7504;Earth
75986;Love Letters
46838;Tucker and Dale vs. Evil
113464;Inchon
245916;Kill the Messenger
38717;Madison
25520;The House of Mirth
27585;Rabbit Hole
242575;Good Day, Ramon
13501;The Good Night
11446;Welcome to the Dollhouse
11217;Club Dread
184341;Hands of Stone
15660;Mommie Dearest
61752;Girl 6
31246;From Justin to Kelly
31909;Invaders from Mars
343795;90 Minutes in Heaven
10549;Hamlet
20763;Radio Flyer
9809;Let's Go to Prison
19556;Miss March
40688;Meet the Deedles
66195;The Perfect Host
74725;Kill List
14823;London to Brighton
31582;Flawless
82532;Jeff, Who Lives at Home
16172;Simply Irresistible
14425;PCU
1808;Velvet Goldmine
10288;Fido
34341;Men with Brooms
73532;Le Havre
20156;Exotica
507;Killing Zoe
47607;Tiny Furniture
46146;Troll Hunter
27360;King's Ransom
28005;Kama Sutra: A Tale of Love
30973;The Gospel of John
336004;Heist
78394;Sea Rex 3D: Journey to a Prehistoric World
86812;Sound of My Voice
13996;Bottle Shock
3902;I'm Not There
37080;Mother and Child
11129;Human Traffic
13510;Eden Lake
13973;Choke
340611;Indignation
76025;Shame
24126;Warlock: The Armageddon
41144;To Save a Life
17436;The Informers
14290;Better Luck Tomorrow
255343;Escobar: Paradise Lost
4723;Southland Tales
314385;By the Sea
16642;Days of Heaven
168705;BloodRayne
13982;8 Heads in a Duffel Bag
12271;Factory Girl
129139;The To Do List
60420;Like Crazy
50837;Martha Marcy May Marlene
44147;Wild Target
264656;The Homesman
23730;C.H.U.D.
301365;The Neon Demon
30141;The Singing Detective
57022;Sunshine State
36046;The Work and the Glory
181283;Child 44
10615;Pootie Tang
15797;Only the Strong
84355;Your Sister's Sister
45132;Super
13990;The Wackness
291;Riding Giants
2292;Clerks
248774;Obvious Child
18892;Jawbreaker
1024;Heavenly Creatures
79777;In the Land of Blood and Honey
22051;Adam
321;Mambo Italiano
25719;Shooting Fish
549;Basquiat
75531;Isn't She Great
203;Mean Streets
20178;World's Greatest Dad
15568;Gracie
38665;The Legend of the Lone Ranger
13537;Shattered Glass
32274;Cradle Will Rock
16448;Waiting for Guffman
176124;Home Run
500;Reservoir Dogs
3877;Things We Lost in the Fire
63020;The Perez Family
25461;Raising Victor Vargas
331190;Captive
11934;The Hudsucker Proxy
10683;Happiness
31174;Richard III
94072;Straight Out of Brooklyn
242095;The Signal
10894;May
89708;Samsara
20770;But I'm a Cheerleader
1956;Gerry
24664;Bamboozled
67911;Bucky Larson: Born to Be a Star
226354;The Christmas Candle
52032;My Dog Tulip
26371;Maurice
190955;Blood Ties
24469;Fish Tank
87499;The East
83588;Middle of Nowhere
13121;Teeth
47941;Under the Rainbow
13154;Showdown in Little Tokyo
14451;Dead Snow
73247;Heartbeeps
38153;Shadow Conspiracy
2293;Mallrats
73191;The Nutcracker
47502;Faithful
77949;The Awakening
342;Summer Storm
73981;Ayurveda: Art of Being
14112;Auto Focus
32456;Two Girls and a Guy
47890;Sphinx
50538;Evil Words
16148;Zero Effect
13853;The Clan of the Cave Bear
24066;Happy, Texas
55420;Another Earth
1546;Thumbsucker
39780;Oscar and Lucinda
246403;Tusk
14353;Repo! The Genetic Opera
72913;Amigo
55720;A Better Life
3082;Modern Times
38448;Ondine
157544;The Vatican Tapes
25379;The Blue Butterfly
43949;Flipped
1961;My Name Is Bruce
13508;Who Killed the Electric Car?
32316;Marci X
48382;The Book of Mormon Movie, Volume 1: The Journey
18734;L.I.E.
10972;Session 9
111190;Adore
28089;The Messenger
18923;A Home at the End of the World
250124;The Diary of a Teenage Girl
13197;10th & Wolf
18841;The Lost Skeleton of Cadavra
10822;Savage Grace
12901;No End in Sight
30128;I Hope They Serve Beer in Hell
64678;The Art of Getting By
5759;Baghead
39895;From a Whisper to a Scream
55123;Tumbleweeds
32395;The Greatest
58882;Snow Flower and the Secret Fan
24424;Ajami
110402;Hard to Be a God
4012;The Believer
192134;Dom Hemingway
31932;City of Ghosts
84200;For a Good Time, Call...
14022;Slacker
21612;The Funeral
12109;It's All Gone Pete Tong
44945;Trust
24227;Excessive Force
2009;4 Months, 3 Weeks and 2 Days
104755;The Lords of Salem
20653;Roadside Romeo
31640;Blood and Wine
20764;Sleep Dealer
101173;Coriolanus
12093;Lilya 4-ever
47889;Ruby in Paradise
45649;Rubber
14517;MirrorMask
50780;The Beaver
51995;Salvation Boulevard
905;Pandora's Box
21512;The Blood of Heroes
57120;Meek's Cutoff
27549;Beastmaster 2: Through the Portal of Time
91076;Illuminata
27551;The Barbarians
28165;The Toxic Avenger Part II
13173;The Ten
11600;Redacted
22256;Without Limits
33693;Funny Ha Ha
34647;Enter the Void
39800;Life During Wartime
10844;Out of the Blue
22805;Motherhood
110683;The Wicked Lady
123678;The Act of Killing
17113;The Ballad of Jack and Rose
1951;Manderlay
26672;The Thief and the Cobbler
12228;Inside Deep Throat
103328;Holy Motors
25784;Journey From the Fall
576;The Wild Bunch
42889;The Virginity Hit
253450;The Assassin
56666;Fiza
13075;Sherrybaby
58492;The Greatest Movie Ever Sold
12281;Mean Creek
12779;Swept Away
26306;Prefontaine
306745;Freeheld
78373;Dancer, Texas Pop. 81
14139;Timecrimes
13132;All the Real Girls
24356;Masked and Anonymous
47686;Dream with the Fishes
28260;Return of the Living Dead III
55561;Clockwatchers
400;Things to Do in Denver When You're Dead
14271;Beyond the Mat
79120;Weekend
244267;I Origins
14137;Beer League
46989;Blue Car
47088;The Extra Man
44835;Hesher
34769;Defendor
48463;Incident at Loch Ness
31007;Welcome to the Rileys
60422;Another Happy Day
13919;The Chumscrubber
44638;The Tempest
346;Seven Samurai
172533;Drinking Buddies
52015;Stake Land
13963;The Last Waltz
22556;The Yellow Handkerchief
10448;Rapa Nui
206296;The Last Five Years
77875;Playing for Keeps
13362;Taxi to the Dark Side
27723;Psycho Beach Party
18292;George Washington
8416;The Conformist
31668;All the Queen's Men
223485;Slow West
157293;ABCD
79940;Tim and Eric's Billion Dollar Movie
273899;Stonewall
287424;Maggie
271331;United Passions
71547;Fascination
11908;Hatchet
38033;Chain Letter
39055;Free Style
84318;The Other Dream Team
290864;Kung Fu Jungle
11546;Police Academy: Mission to Moscow
24746;Six-String Samurai
19204;The Beyond
88641;There Goes My Baby
206412;Lisa Picard Is Famous
139948;Burn
245846;Strangerland
38810;Dogtooth
43942;Freakonomics
39037;The Good Guy
18206;Alone With Her
42151;Down Terrace
16358;Eulogy
50601;5 Days of War
58428;The Innkeepers
57876;Area 51
13856;Special
26899;The Mudge Boy
244403;Rudderless
109729;The Canyons
251321;Aloft
78307;On the Outs
44754;Margaret
27004;Ca$h
34941;The Last Time I Committed Suicide
16155;Safe Men
292483;Not Cool
244783;Song One
103620;Maniac
244534;Happy Christmas
190847;The Last Days on Mars
119458;Supercapitalist
29715;Major Dundee
29015;The Specials
270938;Falcon Rising
91721;Nothing But a Man
25186;Janky Promoters
227707;The Adventurer: The Curse of the Midas Box
72766;Newlyweds
364083;Mi America
100275;Eddie: The Sleepwalking Cannibal
147767;Khiladi 786
45791;When Did You Last See Your Father?
14745;The Haunting of Molly Hartley
108346;Dreaming of Joseph Lees
